{
  "BAD_BOMB_PLACEMENT": -14.513071222345244,
  "CHASING_COIN": 49.18056951553479,
  "CHASING_CRATE": 18.855207196862818,
  "COIN_COLLECTED": 49.04893310979489,
  "COIN_FOUND": 29.689868286049386,
  "CRATE_DESTROYED": 58.932480754421206,
  "GOOD_BOMB_PLACEMENT": 54.11029589998406,
  "INVALID_ACTION": -66.10151249731427,
  "KILLED_OPPONENT": 37.09460843901767,
  "KILLED_SELF": -61.57941981781514,
  "MOVED_DOWN": -15.20363899093782,
  "MOVED_FROM_BOMB": 28.836443924433937,
  "MOVED_FROM_DANGER": 62.9135638673879,
  "MOVED_IN_DANGER": -58.558174762062286,
  "MOVED_LEFT": -15.20363899093782,
  "MOVED_RIGHT": -15.20363899093782,
  "MOVED_TOWARDS_BOMB": -48.404562888142216,
  "MOVED_UP": -15.20363899093782,
  "WAITED": -46.182788558034716,
  "alpha": 0.2294695863766254,
  "epsilon": 0.8365453537437469,
  "gamma": 0.4953541982536617
}
