{
  "BAD_BOMB_PLACEMENT": -11.191368367955244,
  "CHASING_COIN": 7.96790688010125,
  "CHASING_COIN_INSTEAD_OF_CRATE": 8.014050181747454,
  "CHASING_CRATE": 11.734002819606937,
  "CHASING_CRATE_INSTEAD_OF_COIN": -15.441721606166436,
  "COIN_COLLECTED": 11.837339917831592,
  "COIN_FOUND": 16.0308287117282,
  "CRATE_DESTROYED": 17.692058355382635,
  "GOOD_BOMB_PLACEMENT": 13.56988976764011,
  "INVALID_ACTION": -9.324282363770434,
  "KILLED_OPPONENT": 0.34511159168648886,
  "KILLED_SELF": -24.001435881634613,
  "MOVED_DOWN": -17.946547797414635,
  "MOVED_FROM_BOMB": 8.924551179271209,
  "MOVED_FROM_DANGER": 11.534352408182293,
  "MOVED_IN_DANGER": -18.619874657622336,
  "MOVED_LEFT": -17.946547797414635,
  "MOVED_RIGHT": -17.946547797414635,
  "MOVED_TOWARDS_BOMB": -0.5676910181273387,
  "MOVED_UP": -17.946547797414635,
  "WAITED": -19.873373534726323,
  "alpha": 0.844028340422349,
  "epsilon": 0.7720860803083218,
  "gamma": 0.2499767697022607
}
