{
  "BAD_BOMB_PLACEMENT": -15.117993862192275,
  "CHASING_COIN": 39.21812548578483,
  "CHASING_COIN_INSTEAD_OF_CRATE": 30.19475642168553,
  "CHASING_CRATE": 4.049150802427586,
  "COIN_COLLECTED": 29.00368923411162,
  "COIN_FOUND": 36.583724377276866,
  "CRATE_DESTROYED": 28.595992813743052,
  "GOOD_BOMB_PLACEMENT": 39.026549099184706,
  "INVALID_ACTION": -51.7358022089143,
  "KILLED_OPPONENT": 14.423609621689373,
  "KILLED_SELF": -12.308265340438345,
  "MOVED_DOWN": -15.117993862192275,
  "MOVED_FROM_BOMB": 33.100583425003876,
  "MOVED_FROM_DANGER": 14.1707619719591,
  "MOVED_LEFT": -15.117993862192275,
  "MOVED_RIGHT": -15.117993862192275,
  "MOVED_TOWARDS_BOMB": -24.95709038878449,
  "MOVED_UP": -15.117993862192275,
  "N": 9,
  "WAITED": -38.99684189005414,
  "alpha": 0.2051377556739724,
  "epsilon": 0.9949192732483519,
  "gamma": 0.6239272597196123
}
