{
  "BAD_BOMB_PLACEMENT": -0.6288977450792066,
  "CHASING_COIN": 10.436599500980659,
  "CHASING_COIN_INSTEAD_OF_CRATE": 12.722791723258151,
  "CHASING_CRATE": 4.0364000644098,
  "COIN_COLLECTED": 8.424502260007385,
  "COIN_FOUND": 23.62345861794072,
  "CRATE_DESTROYED": 36.179598993230336,
  "GOOD_BOMB_PLACEMENT": 0.46837848175775854,
  "INVALID_ACTION": -30.71391220763993,
  "KILLED_OPPONENT": 0.5134648159246513,
  "KILLED_SELF": -50.634201021147234,
  "MOVED_DOWN": -0.6288977450792066,
  "MOVED_FROM_BOMB": 6.424799089124846,
  "MOVED_FROM_DANGER": 14.254609115186678,
  "MOVED_LEFT": -0.6288977450792066,
  "MOVED_RIGHT": -0.6288977450792066,
  "MOVED_TOWARDS_BOMB": -31.772630722618413,
  "MOVED_UP": -0.6288977450792066,
  "N": 6,
  "WAITED": -37.59298406035127,
  "alpha": 0.843903350352454,
  "epsilon": 0.5906521578392294,
  "gamma": 0.7943157680654603
}
